[{"model": "admin.logentry", "pk": 1, "fields": {"action_time": "2026-02-22T00:02:10.896Z", "user": 1, "content_type": 2, "object_id": "1", "object_repr": "Admin", "action_flag": 2, "change_message": "[{\"changed\": {\"fields\": [\"Permissions\"]}}]"}}, {"model": "admin.logentry", "pk": 2, "fields": {"action_time": "2026-02-22T00:02:26.517Z", "user": 1, "content_type": 10, "object_id": "1", "object_repr": "admin", "action_flag": 2, "change_message": "[{\"changed\": {\"fields\": [\"Groups\"]}}]"}}, {"model": "auth.permission", "pk": 1, "fields": {"name": "Can add log entry", "content_type": 1, "codename": "add_logentry"}}, {"model": "auth.permission", "pk": 2, "fields": {"name": "Can change log entry", "content_type": 1, "codename": "change_logentry"}}, {"model": "auth.permission", "pk": 3, "fields": {"name": "Can delete log entry", "content_type": 1, "codename": "delete_logentry"}}, {"model": "auth.permission", "pk": 4, "fields": {"name": "Can view log entry", "content_type": 1, "codename": "view_logentry"}}, {"model": "auth.permission", "pk": 5, "fields": {"name": "Can add permission", "content_type": 3, "codename": "add_permission"}}, {"model": "auth.permission", "pk": 6, "fields": {"name": "Can change permission", "content_type": 3, "codename": "change_permission"}}, {"model": "auth.permission", "pk": 7, "fields": {"name": "Can delete permission", "content_type": 3, "codename": "delete_permission"}}, {"model": "auth.permission", "pk": 8, "fields": {"name": "Can view permission", "content_type": 3, "codename": "view_permission"}}, {"model": "auth.permission", "pk": 9, "fields": {"name": "Can add group", "content_type": 2, "codename": "add_group"}}, {"model": "auth.permission", "pk": 10, "fields": {"name": "Can change group", "content_type": 2, "codename": "change_group"}}, {"model": "auth.permission", "pk": 11, "fields": {"name": "Can delete group", "content_type": 2, "codename": "delete_group"}}, {"model": "auth.permission", "pk": 12, "fields": {"name": "Can view group", "content_type": 2, "codename": "view_group"}}, {"model": "auth.permission", "pk": 13, "fields": {"name": "Can add content type", "content_type": 4, "codename": "add_contenttype"}}, {"model": "auth.permission", "pk": 14, "fields": {"name": "Can change content type", "content_type": 4, "codename": "change_contenttype"}}, {"model": "auth.permission", "pk": 15, "fields": {"name": "Can delete content type", "content_type": 4, "codename": "delete_contenttype"}}, {"model": "auth.permission", "pk": 16, "fields": {"name": "Can view content type", "content_type": 4, "codename": "view_contenttype"}}, {"model": "auth.permission", "pk": 17, "fields": {"name": "Can add session", "content_type": 5, "codename": "add_session"}}, {"model": "auth.permission", "pk": 18, "fields": {"name": "Can change session", "content_type": 5, "codename": "change_session"}}, {"model": "auth.permission", "pk": 19, "fields": {"name": "Can delete session", "content_type": 5, "codename": "delete_session"}}, {"model": "auth.permission", "pk": 20, "fields": {"name": "Can view session", "content_type": 5, "codename": "view_session"}}, {"model": "auth.permission", "pk": 21, "fields": {"name": "Can add Category", "content_type": 6, "codename": "add_category"}}, {"model": "auth.permission", "pk": 22, "fields": {"name": "Can change Category", "content_type": 6, "codename": "change_category"}}, {"model": "auth.permission", "pk": 23, "fields": {"name": "Can delete Category", "content_type": 6, "codename": "delete_category"}}, {"model": "auth.permission", "pk": 24, "fields": {"name": "Can view Category", "content_type": 6, "codename": "view_category"}}, {"model": "auth.permission", "pk": 25, "fields": {"name": "Can add Event", "content_type": 7, "codename": "add_event"}}, {"model": "auth.permission", "pk": 26, "fields": {"name": "Can change Event", "content_type": 7, "codename": "change_event"}}, {"model": "auth.permission", "pk": 27, "fields": {"name": "Can delete Event", "content_type": 7, "codename": "delete_event"}}, {"model": "auth.permission", "pk": 28, "fields": {"name": "Can view Event", "content_type": 7, "codename": "view_event"}}, {"model": "auth.permission", "pk": 29, "fields": {"name": "Can add Participant (Legacy)", "content_type": 8, "codename": "add_participant"}}, {"model": "auth.permission", "pk": 30, "fields": {"name": "Can change Participant (Legacy)", "content_type": 8, "codename": "change_participant"}}, {"model": "auth.permission", "pk": 31, "fields": {"name": "Can delete Participant (Legacy)", "content_type": 8, "codename": "delete_participant"}}, {"model": "auth.permission", "pk": 32, "fields": {"name": "Can view Participant (Legacy)", "content_type": 8, "codename": "view_participant"}}, {"model": "auth.permission", "pk": 33, "fields": {"name": "Can add RSVP", "content_type": 9, "codename": "add_rsvp"}}, {"model": "auth.permission", "pk": 34, "fields": {"name": "Can change RSVP", "content_type": 9, "codename": "change_rsvp"}}, {"model": "auth.permission", "pk": 35, "fields": {"name": "Can delete RSVP", "content_type": 9, "codename": "delete_rsvp"}}, {"model": "auth.permission", "pk": 36, "fields": {"name": "Can view RSVP", "content_type": 9, "codename": "view_rsvp"}}, {"model": "auth.permission", "pk": 37, "fields": {"name": "Can add User", "content_type": 10, "codename": "add_customuser"}}, {"model": "auth.permission", "pk": 38, "fields": {"name": "Can change User", "content_type": 10, "codename": "change_customuser"}}, {"model": "auth.permission", "pk": 39, "fields": {"name": "Can delete User", "content_type": 10, "codename": "delete_customuser"}}, {"model": "auth.permission", "pk": 40, "fields": {"name": "Can view User", "content_type": 10, "codename": "view_customuser"}}, {"model": "auth.group", "pk": 1, "fields": {"name": "Admin", "permissions": [1, 2, 3, 4, 9, 10, 11, 12, 5, 6, 7, 8, 13, 14, 15, 16, 21, 22, 23, 24, 25, 26, 27, 28, 29, 30, 31, 32, 33, 34, 35, 36, 17, 18, 19, 20, 37, 38, 39, 40]}}, {"model": "auth.group", "pk": 2, "fields": {"name": "Organizer", "permissions": []}}, {"model": "auth.group", "pk": 3, "fields": {"name": "Participant", "permissions": []}}, {"model": "contenttypes.contenttype", "pk": 1, "fields": {"app_label": "admin", "model": "logentry"}}, {"model": "contenttypes.contenttype", "pk": 2, "fields": {"app_label": "auth", "model": "group"}}, {"model": "contenttypes.contenttype", "pk": 3, "fields": {"app_label": "auth", "model": "permission"}}, {"model": "contenttypes.contenttype", "pk": 4, "fields": {"app_label": "contenttypes", "model": "contenttype"}}, {"model": "contenttypes.contenttype", "pk": 5, "fields": {"app_label": "sessions", "model": "session"}}, {"model": "contenttypes.contenttype", "pk": 6, "fields": {"app_label": "events", "model": "category"}}, {"model": "contenttypes.contenttype", "pk": 7, "fields": {"app_label": "events", "model": "event"}}, {"model": "contenttypes.contenttype", "pk": 8, "fields": {"app_label": "events", "model": "participant"}}, {"model": "contenttypes.contenttype", "pk": 9, "fields": {"app_label": "events", "model": "rsvp"}}, {"model": "contenttypes.contenttype", "pk": 10, "fields": {"app_label": "user_panel", "model": "customuser"}}, {"model": "sessions.session", "pk": "akqrymbzfedudajj5qc4fwq4fei3hlf4", "fields": {"session_data": ".eJxVjLsOwjAMAP_FM1RJmkfTkZ1viBzboVDUVE0RA-LfERIL693pXpBWbO1ZN06bNNnTXmdZYAS2Qut87IMxTBzKIMTF9J6zLUHp6A1hHBgOkPCxT-nRZEtXhhH6f5aRZlm-gm-4XGpHddm3a-6-SfezrTtXlvvp1_4NJmwTjBBURKtd1EGxVoFJO7TiHGLMlgbVWybtc7bFk8uogolUjBcTyMWsBnh_ACQTTOs:1vu14P:aybASEqyDD_EnlbexkGZvqYKHL8lGaYTXCD0XgM_hW4", "expire_date": "2026-03-08T04:27:49.794Z"}}, {"model": "sessions.session", "pk": "s1ikbzz6ngwfo2actwpjkzqryktxqsvk", "fields": {"session_data": ".eJxVjDkOwjAQAP-yNbJsvOsjJT1vsHwsOIBsKU4qxN9RpBTQzozmDSFuaw3b4CXMBSZQcPplKeYnt12UR2z3LnJv6zInsSfisENce-HX5Wj_BjWOChOcTSTSCpP1JUvJ0lurrCZv6OaQiyHjYqKsE6JDyVJbRqWLdMRKJQ-fL7BVNog:1vu8Wi:32pLaZgyVkoElaQ8mPembi3z975nv2DUicFDfa4w-EA", "expire_date": "2026-03-08T12:25:32.213Z"}}, {"model": "sessions.session", "pk": "zsvgf5wmjetal00kus8bj4bq5o9m5bx3", "fields": {"session_data": ".eJxVjMsOgjAQAP9lz6bZpZRWjt75hmb7WIuaklA4Gf_dkHDQ68xk3uB534rfW179nGAEDZdfFjg-cz1EenC9LyoudVvnoI5EnbapaUn5dTvbv0HhVmAEli6jThQ4i0NnWZgIBaVHHNxAsb_qoInEuBSSsQGjWOwMEZImG-HzBe4ZN3Y:1w531p:EZelKoMKBiT5GZsi7D8sbfWVnPXqcn39ognAFkI0DkU", "expire_date": "2026-04-07T14:46:45.230Z"}}, {"model": "events.category", "pk": 1, "fields": {"name": "Technology Conference", "description": "Place relate red nearly center. South who century report line."}}, {"model": "events.category", "pk": 2, "fields": {"name": "Music Festival", "description": "Still choice reality democratic position read south. Everybody piece game affect leg. Her place end eye yes. Hospital tend organization modern."}}, {"model": "events.category", "pk": 3, "fields": {"name": "Sports Event", "description": "Piece never nearly response. Receive hour American vote movement the."}}, {"model": "events.category", "pk": 4, "fields": {"name": "Educational Workshop", "description": "Player not peace relationship matter. End information production relate finish."}}, {"model": "events.category", "pk": 5, "fields": {"name": "Business Networking", "description": "Produce within wife town reality none current. Pass the whose reach."}}, {"model": "events.event", "pk": 1, "fields": {"name": "Switchable national open architecture", "description": "Box lay look must. Including throughout offer fight here. Choose two send adult else compare morning. Marriage now green daughter voice.", "date": "2026-02-07", "time": "15:49:50", "location": "Katieborough, Micronesia", "category": 4, "image": "events/online_event_01.jpg", "created_at": "2026-02-22T00:01:36.180Z", "updated_at": "2026-02-22T00:01:36.180Z"}}, {"model": "events.event", "pk": 2, "fields": {"name": "Multi-channeled web-enabled neural-net", "description": "Quickly expert report citizen minute meet education. Answer station piece authority American government reflect. Believe year create. Career whether program before science ask against why. These rule hundred positive economy official.", "date": "2026-01-29", "time": "22:43:34", "location": "Port Brittney, Chile", "category": 2, "image": "events/online_event_02.jpg", "created_at": "2026-02-22T00:01:36.183Z", "updated_at": "2026-02-22T00:01:36.183Z"}}, {"model": "events.event", "pk": 3, "fields": {"name": "Fully-configurable holistic Graphical User Interface", "description": "Quite trip front wear. Sometimes admit red involve hard less thank water. Carry half offer benefit suddenly career.", "date": "2026-02-24", "time": "04:44:12", "location": "New Tonya, Slovenia", "category": 3, "image": "events/online_event_03.jpg", "created_at": "2026-02-22T00:01:36.186Z", "updated_at": "2026-02-22T00:01:36.186Z"}}, {"model": "events.event", "pk": 4, "fields": {"name": "Proactive bottom-line task-force", "description": "Develop measure find ball better leader. Through democratic present. Such act chance food. Record everyone rich agree need trip view.", "date": "2026-02-03", "time": "16:49:00", "location": "New Stephanie, Equatorial Guinea", "category": 5, "image": "events/online_event_04.jpg", "created_at": "2026-02-22T00:01:36.188Z", "updated_at": "2026-02-22T00:01:36.188Z"}}, {"model": "events.event", "pk": 5, "fields": {"name": "Centralized heuristic knowledge user", "description": "Where personal two true. Lay someone consumer series national. Start time audience dream finish check.", "date": "2026-04-07", "time": "05:05:56", "location": "Lake Micheleburgh, Guinea-Bissau", "category": 4, "image": "events/online_event_05.jpg", "created_at": "2026-02-22T00:01:36.190Z", "updated_at": "2026-02-22T00:01:36.190Z"}}, {"model": "events.event", "pk": 6, "fields": {"name": "Robust asymmetric task-force", "description": "Market above against attorney maybe key accept. Game kid book item smile paper and once. From miss color score represent. Rock visit themselves above board figure partner.", "date": "2026-04-03", "time": "01:26:20", "location": "South Joseph, Belize", "category": 3, "image": "events/online_event_06.jpg", "created_at": "2026-02-22T00:01:36.193Z", "updated_at": "2026-02-22T00:01:36.193Z"}}, {"model": "events.event", "pk": 7, "fields": {"name": "Organic coherent alliance", "description": "Walk foreign to simple. Send paper tell successful. Seek hospital what probably risk. Require campaign chair military college task. Tonight matter lot enter real television prevent.", "date": "2026-04-23", "time": "01:52:59", "location": "Anthonyview, Liechtenstein", "category": 1, "image": "events/online_event_07.jpg", "created_at": "2026-02-22T00:01:36.195Z", "updated_at": "2026-02-22T00:01:36.195Z"}}, {"model": "events.event", "pk": 8, "fields": {"name": "Versatile global support", "description": "Particular benefit organization for effort new water. Who upon most if husband look fly. Third watch everything fine.", "date": "2026-02-14", "time": "09:02:41", "location": "West Ashleymouth, Northern Mariana Islands", "category": 3, "image": "events/online_event_08.jpg", "created_at": "2026-02-22T00:01:36.198Z", "updated_at": "2026-02-22T00:01:36.198Z"}}, {"model": "events.event", "pk": 9, "fields": {"name": "Versatile foreground process improvement", "description": "Financial much brother. Account only name item our from write. What business opportunity real form executive. Must American behind hit control indeed history official. Possible sign adult sea design. Because spend peace notice lay base social.", "date": "2026-01-25", "time": "14:45:34", "location": "Villarrealport, Tajikistan", "category": 5, "image": "events/online_event_09.jpg", "created_at": "2026-02-22T00:01:36.200Z", "updated_at": "2026-02-22T00:01:36.200Z"}}, {"model": "events.event", "pk": 10, "fields": {"name": "Re-engineered exuding moderator", "description": "Mr upon there develop behavior star guy. Time source professional pass discuss drug. Development good behind child impact. Shoulder woman attack something son blood. Against ten specific ball must be. Under season among black.", "date": "2026-02-09", "time": "03:55:00", "location": "Pricestad, Swaziland", "category": 3, "image": "events/online_event_10.jpg", "created_at": "2026-02-22T00:01:36.203Z", "updated_at": "2026-02-22T00:01:36.203Z"}}, {"model": "events.event", "pk": 11, "fields": {"name": "Streamlined system-worthy artificial intelligence", "description": "Property worry too source military also of. Fund black long threat energy medical. Indeed site guess. Watch present body write situation management certainly. Kitchen civil crime age our wide carry.", "date": "2026-03-14", "time": "19:38:14", "location": "Hughesside, Dominica", "category": 1, "image": "events/online_event_11.jpg", "created_at": "2026-02-22T00:01:36.205Z", "updated_at": "2026-02-22T00:01:36.205Z"}}, {"model": "events.event", "pk": 12, "fields": {"name": "Balanced maximized adapter", "description": "Meeting us let great property. Although until heavy leader would take. Outside ahead evening order campaign event.", "date": "2026-02-12", "time": "17:35:42", "location": "Harveymouth, Russian Federation", "category": 3, "image": "events/online_event_12.jpg", "created_at": "2026-02-22T00:01:36.207Z", "updated_at": "2026-02-22T00:01:36.207Z"}}, {"model": "events.event", "pk": 13, "fields": {"name": "Public-key systematic utilization", "description": "Course development recently play right rate type region. Size pay figure sell fast. Area central itself west five when. Budget choose about moment decide sign environmental. Son measure dark develop people argue. Recently lawyer clearly thing how cell.", "date": "2026-04-12", "time": "18:37:01", "location": "North Michaelview, Guatemala", "category": 2, "image": "events/online_event_13.jpg", "created_at": "2026-02-22T00:01:36.209Z", "updated_at": "2026-02-22T00:01:36.209Z"}}, {"model": "events.event", "pk": 14, "fields": {"name": "Up-sized optimal migration", "description": "Indeed unit program point. Matter as though strategy. Summer part suffer modern benefit present when. Crime early address successful nor evening ago operation. Individual painting station bring.", "date": "2026-03-25", "time": "03:22:28", "location": "Alexandrastad, Rwanda", "category": 4, "image": "events/online_event_14.jpg", "created_at": "2026-02-22T00:01:36.212Z", "updated_at": "2026-02-22T00:01:36.212Z"}}, {"model": "events.event", "pk": 15, "fields": {"name": "Configurable 5thgeneration challenge", "description": "Usually section attention church American old. Program baby deep money allow environment same. School pay vote high according. Try military range other deal state. Sister line want his budget quite.", "date": "2026-03-25", "time": "11:26:23", "location": "West Madisonport, Liberia", "category": 5, "image": "events/online_event_15.jpg", "created_at": "2026-02-22T00:01:36.214Z", "updated_at": "2026-02-22T00:01:36.214Z"}}, {"model": "events.event", "pk": 16, "fields": {"name": "Monitored maximized throughput", "description": "Fund power rock any season. Contain stand can address tough. Series cold development rest my. Her building accept admit Mrs but. Talk guess leader ten difference.", "date": "2026-04-10", "time": "06:26:26", "location": "Ginaville, Germany", "category": 4, "image": "events/online_event_16.jpg", "created_at": "2026-02-22T00:01:36.217Z", "updated_at": "2026-02-22T00:01:36.217Z"}}, {"model": "events.event", "pk": 17, "fields": {"name": "Function-based global paradigm", "description": "Mean sign attention second cell. Gas decide everybody school series cover this data. Knowledge dark world black question office. Authority then response physical kitchen soon street. Manage design cup red administration nearly customer quite.", "date": "2026-01-30", "time": "23:23:46", "location": "East Julie, Cocos (Keeling) Islands", "category": 2, "image": "events/online_event_17.jpg", "created_at": "2026-02-22T00:01:36.219Z", "updated_at": "2026-02-22T00:01:36.219Z"}}, {"model": "events.event", "pk": 18, "fields": {"name": "Progressive composite productivity", "description": "Nearly political simply possible news. Good pull could. Picture pattern play ground local black money. Provide key day degree director institution easy.", "date": "2026-03-22", "time": "00:54:27", "location": "Berryview, Oman", "category": 4, "image": "events/online_event_18.jpg", "created_at": "2026-02-22T00:01:36.221Z", "updated_at": "2026-02-22T00:01:36.221Z"}}, {"model": "events.event", "pk": 19, "fields": {"name": "Enhanced attitude-oriented contingency", "description": "Area left purpose seven group voice whatever. Bed give member focus cultural hundred. Prepare require entire same.", "date": "2026-03-22", "time": "15:24:49", "location": "Lake Wendyburgh, French Guiana", "category": 2, "image": "events/online_event_19.jpg", "created_at": "2026-02-22T00:01:36.223Z", "updated_at": "2026-02-22T00:01:36.223Z"}}, {"model": "events.event", "pk": 20, "fields": {"name": "Pre-emptive heuristic time-frame", "description": "West leader someone every letter off. At position magazine. Local bit note must she.", "date": "2026-03-13", "time": "12:13:48", "location": "New Brenda, Armenia", "category": 2, "image": "events/online_event_20.jpg", "created_at": "2026-02-22T00:01:36.226Z", "updated_at": "2026-02-22T00:01:36.226Z"}}, {"model": "events.rsvp", "pk": 1, "fields": {"user": 3, "event": 7, "responded_at": "2026-02-22T04:28:28.209Z"}}, {"model": "events.rsvp", "pk": 2, "fields": {"user": 3, "event": 20, "responded_at": "2026-03-24T14:47:43.988Z"}}, {"model": "events.participant", "pk": 2, "fields": {"name": "Amy Jones", "email": "carolbradley@example.com", "registered_at": "2026-02-22T00:01:36.228Z", "user": null, "events": [16, 5, 14, 19, 1]}}, {"model": "events.participant", "pk": 3, "fields": {"name": "Mr. John Evans", "email": "vickinichols@example.net", "registered_at": "2026-02-22T00:01:36.234Z", "user": null, "events": [15]}}, {"model": "events.participant", "pk": 4, "fields": {"name": "John Peters", "email": "malonemichael@example.net", "registered_at": "2026-02-22T00:01:36.240Z", "user": null, "events": [7, 16, 11]}}, {"model": "events.participant", "pk": 5, "fields": {"name": "Keith Chandler", "email": "donna61@example.net", "registered_at": "2026-02-22T00:01:36.245Z", "user": null, "events": [18, 12, 2]}}, {"model": "events.participant", "pk": 6, "fields": {"name": "Paul Green", "email": "vraymond@example.com", "registered_at": "2026-02-22T00:01:36.251Z", "user": null, "events": [16, 11]}}, {"model": "events.participant", "pk": 7, "fields": {"name": "John Scott", "email": "jacoblyons@example.com", "registered_at": "2026-02-22T00:01:36.256Z", "user": null, "events": [3]}}, {"model": "events.participant", "pk": 8, "fields": {"name": "Samuel Powell", "email": "scott84@example.com", "registered_at": "2026-02-22T00:01:36.261Z", "user": null, "events": [1]}}, {"model": "events.participant", "pk": 9, "fields": {"name": "John Fitzgerald", "email": "fyoung@example.org", "registered_at": "2026-02-22T00:01:36.266Z", "user": null, "events": [19, 1]}}, {"model": "events.participant", "pk": 10, "fields": {"name": "Melissa Holmes", "email": "robert35@example.org", "registered_at": "2026-02-22T00:01:36.271Z", "user": null, "events": [18, 12, 1, 17, 2]}}, {"model": "events.participant", "pk": 11, "fields": {"name": "Nancy Jackson", "email": "goodmanmargaret@example.org", "registered_at": "2026-02-22T00:01:36.276Z", "user": null, "events": [16, 3, 8]}}, {"model": "events.participant", "pk": 12, "fields": {"name": "Jessica Rodriguez", "email": "stevensedwin@example.com", "registered_at": "2026-02-22T00:01:36.281Z", "user": null, "events": [11]}}, {"model": "events.participant", "pk": 13, "fields": {"name": "Christine Rangel", "email": "martha13@example.net", "registered_at": "2026-02-22T00:01:36.286Z", "user": null, "events": [1, 17]}}, {"model": "events.participant", "pk": 14, "fields": {"name": "Janice Randall", "email": "hmendoza@example.org", "registered_at": "2026-02-22T00:01:36.291Z", "user": null, "events": [12, 1]}}, {"model": "events.participant", "pk": 15, "fields": {"name": "Daniel Miller", "email": "burnsandrea@example.com", "registered_at": "2026-02-22T00:01:36.296Z", "user": null, "events": [13, 19, 12, 1]}}, {"model": "events.participant", "pk": 16, "fields": {"name": "Cristian Chambers", "email": "ianderson@example.org", "registered_at": "2026-02-22T00:01:36.302Z", "user": null, "events": [5, 6, 20, 3, 4]}}, {"model": "events.participant", "pk": 17, "fields": {"name": "Stephanie Smith", "email": "olsonvictoria@example.net", "registered_at": "2026-02-22T00:01:36.307Z", "user": null, "events": [13, 5, 18, 17]}}, {"model": "events.participant", "pk": 18, "fields": {"name": "Tony Luna", "email": "suttonkayla@example.org", "registered_at": "2026-02-22T00:01:36.313Z", "user": null, "events": [19, 2]}}, {"model": "events.participant", "pk": 19, "fields": {"name": "Shawn Faulkner", "email": "kellyhughes@example.com", "registered_at": "2026-02-22T00:01:36.318Z", "user": null, "events": [7, 13, 18, 11, 17]}}, {"model": "events.participant", "pk": 20, "fields": {"name": "Brandi Warren", "email": "seth71@example.org", "registered_at": "2026-02-22T00:01:36.323Z", "user": null, "events": [15, 19, 18, 11]}}, {"model": "events.participant", "pk": 21, "fields": {"name": "Curtis Atkins", "email": "ccarrillo@example.org", "registered_at": "2026-02-22T00:01:36.328Z", "user": null, "events": [18, 20, 1]}}, {"model": "events.participant", "pk": 22, "fields": {"name": "Danielle Wilson", "email": "wademargaret@example.net", "registered_at": "2026-02-22T00:01:36.333Z", "user": null, "events": [5, 6, 11, 4, 17]}}, {"model": "events.participant", "pk": 23, "fields": {"name": "Molly Pratt", "email": "richardrosario@example.com", "registered_at": "2026-02-22T00:01:36.339Z", "user": null, "events": [7, 5, 15, 14]}}, {"model": "events.participant", "pk": 24, "fields": {"name": "John Ferguson", "email": "johnsonsean@example.org", "registered_at": "2026-02-22T00:01:36.344Z", "user": null, "events": [15, 20]}}, {"model": "events.participant", "pk": 25, "fields": {"name": "Julie Cook", "email": "reynoldsjennifer@example.com", "registered_at": "2026-02-22T00:01:36.349Z", "user": null, "events": [14, 8, 4]}}, {"model": "events.participant", "pk": 26, "fields": {"name": "Melissa Williamson", "email": "christina89@example.net", "registered_at": "2026-02-22T00:01:36.354Z", "user": null, "events": [13, 20, 3, 8]}}, {"model": "events.participant", "pk": 27, "fields": {"name": "Danielle Stewart", "email": "garciaroberta@example.net", "registered_at": "2026-02-22T00:01:36.359Z", "user": null, "events": [16, 6, 11, 4]}}, {"model": "events.participant", "pk": 28, "fields": {"name": "Donald Farmer", "email": "stephen18@example.org", "registered_at": "2026-02-22T00:01:36.364Z", "user": null, "events": [6, 14, 11, 20, 3]}}, {"model": "events.participant", "pk": 29, "fields": {"name": "Jacob Benson", "email": "ugarcia@example.org", "registered_at": "2026-02-22T00:01:36.370Z", "user": null, "events": [8, 4, 2]}}, {"model": "events.participant", "pk": 30, "fields": {"name": "Kelly Reid MD", "email": "jacob89@example.org", "registered_at": "2026-02-22T00:01:36.374Z", "user": null, "events": [15, 18, 20, 4, 9]}}, {"model": "events.participant", "pk": 31, "fields": {"name": "Kaitlin Cruz", "email": "grahamjonathan@example.com", "registered_at": "2026-02-22T00:01:36.380Z", "user": null, "events": [5, 4]}}, {"model": "events.participant", "pk": 32, "fields": {"name": "Anthony Caldwell", "email": "plopez@example.com", "registered_at": "2026-02-22T00:01:36.385Z", "user": null, "events": [13, 15, 14, 11]}}, {"model": "events.participant", "pk": 33, "fields": {"name": "Adam Robinson", "email": "bucklouis@example.net", "registered_at": "2026-02-22T00:01:36.390Z", "user": null, "events": [7, 19, 11, 2]}}, {"model": "events.participant", "pk": 34, "fields": {"name": "Jessica Lynch", "email": "marie36@example.com", "registered_at": "2026-02-22T00:01:36.395Z", "user": null, "events": [13, 14, 12, 1]}}, {"model": "events.participant", "pk": 35, "fields": {"name": "Lisa Butler", "email": "bryan@example.org", "registered_at": "2026-02-22T00:01:36.400Z", "user": null, "events": [8]}}, {"model": "events.participant", "pk": 36, "fields": {"name": "Megan Roberts", "email": "cbenton@example.net", "registered_at": "2026-02-22T00:01:36.407Z", "user": null, "events": [16, 14, 11, 20, 2]}}, {"model": "events.participant", "pk": 37, "fields": {"name": "Dawn Miller", "email": "avasquez@example.net", "registered_at": "2026-02-22T00:01:36.412Z", "user": null, "events": [20, 8]}}, {"model": "events.participant", "pk": 38, "fields": {"name": "Stacey Nelson", "email": "nicholasrodriguez@example.org", "registered_at": "2026-02-22T00:01:36.416Z", "user": null, "events": [13, 5, 19]}}, {"model": "events.participant", "pk": 39, "fields": {"name": "Lori Smith", "email": "hgriffith@example.net", "registered_at": "2026-02-22T00:01:36.422Z", "user": null, "events": [13, 12, 1]}}, {"model": "events.participant", "pk": 40, "fields": {"name": "Alexa Roman", "email": "martinrebecca@example.org", "registered_at": "2026-02-22T00:01:36.427Z", "user": null, "events": [19, 4]}}, {"model": "events.participant", "pk": 41, "fields": {"name": "Thomas Delgado", "email": "evansdouglas@example.net", "registered_at": "2026-02-22T00:01:36.432Z", "user": null, "events": [16, 11, 17]}}, {"model": "events.participant", "pk": 42, "fields": {"name": "Margaret Cummings", "email": "paul78@example.net", "registered_at": "2026-02-22T00:01:36.437Z", "user": null, "events": [5, 15, 14, 17]}}, {"model": "events.participant", "pk": 43, "fields": {"name": "Michael Davis", "email": "johnsonamber@example.net", "registered_at": "2026-02-22T00:01:36.443Z", "user": null, "events": [11, 8, 12, 17]}}, {"model": "events.participant", "pk": 44, "fields": {"name": "Michael Davis", "email": "melissawells@example.com", "registered_at": "2026-02-22T00:01:36.449Z", "user": null, "events": [16, 12]}}, {"model": "events.participant", "pk": 45, "fields": {"name": "Alexis Davis", "email": "eddie79@example.com", "registered_at": "2026-02-22T00:01:36.453Z", "user": null, "events": [11]}}, {"model": "events.participant", "pk": 46, "fields": {"name": "Keith Fields", "email": "pjenkins@example.com", "registered_at": "2026-02-22T00:01:36.458Z", "user": null, "events": [16, 6, 2, 9]}}, {"model": "events.participant", "pk": 47, "fields": {"name": "Anthony Guerrero", "email": "halemargaret@example.net", "registered_at": "2026-02-22T00:01:36.463Z", "user": null, "events": [7, 6, 15, 14, 9]}}, {"model": "events.participant", "pk": 48, "fields": {"name": "Kathryn Foster", "email": "norrischristopher@example.com", "registered_at": "2026-02-22T00:01:36.468Z", "user": null, "events": [20, 3, 10]}}, {"model": "events.participant", "pk": 49, "fields": {"name": "Ethan Miller", "email": "markhernandez@example.org", "registered_at": "2026-02-22T00:01:36.473Z", "user": null, "events": [8]}}, {"model": "events.participant", "pk": 50, "fields": {"name": "Michael Gibbs", "email": "rosealicia@example.org", "registered_at": "2026-02-22T00:01:36.479Z", "user": null, "events": [15, 14, 19, 2]}}, {"model": "events.participant", "pk": 51, "fields": {"name": "Christopher Sanchez", "email": "melindamatthews@example.org", "registered_at": "2026-02-22T00:01:36.483Z", "user": null, "events": [20, 4, 2]}}, {"model": "events.participant", "pk": 52, "fields": {"name": "Md.Rifat Rizvi", "email": "rifatrizviofficial001@gmail.com", "registered_at": "2026-02-22T04:19:02.118Z", "user": 2, "events": []}}, {"model": "events.participant", "pk": 53, "fields": {"name": "Md Rizvi", "email": "rifatrizvicode1814@gmail.com", "registered_at": "2026-02-22T04:27:25.579Z", "user": 3, "events": []}}, {"model": "user_panel.customuser", "pk": 1, "fields": {"password": "pbkdf2_sha256$1200000$XweTXXRElTF9dDDoNz0TUH$STynlWh0HGWNiP1VbmkhSQeDieqR/xGsS2We5ioYXYY=", "last_login": "2026-03-24T14:45:17.031Z", "is_superuser": true, "username": "admin", "first_name": "Rifat", "last_name": "Rizvi", "email": "admin@example.com", "is_staff": true, "is_active": true, "date_joined": "2026-02-21T23:40:49Z", "profile_picture": "profile_pics/Gemini_Generated_Image_7ubwew7ubwew7ubw.png", "phone_number": "01305612767", "groups": [1], "user_permissions": []}}, {"model": "user_panel.customuser", "pk": 2, "fields": {"password": "pbkdf2_sha256$1200000$sc4xkyklYa3cntMiihwug7$FQSZU/SQT65TYaf+pH3VFKc/VBPr2lHxWGJQmDgZyd0=", "last_login": "2026-03-24T14:44:17.136Z", "is_superuser": false, "username": "organizer3", "first_name": "Md.Rifat", "last_name": "Rizvi", "email": "rifatrizviofficial001@gmail.com", "is_staff": false, "is_active": true, "date_joined": "2026-02-22T04:18:57.484Z", "profile_picture": "", "phone_number": "01305612767", "groups": [2], "user_permissions": []}}, {"model": "user_panel.customuser", "pk": 3, "fields": {"password": "pbkdf2_sha256$1200000$uezmnzXYTVGChDSFFWxEfW$BRLl3DpaH/MCe8W2VdHddJXMVFiAEEnvOyThaYM11a8=", "last_login": "2026-03-24T14:46:45.223Z", "is_superuser": false, "username": "participant2", "first_name": "Md", "last_name": "Rizvi", "email": "rifatrizvicode1814@gmail.com", "is_staff": false, "is_active": true, "date_joined": "2026-02-22T04:27:21.150Z", "profile_picture": "", "phone_number": "01305612767", "groups": [3], "user_permissions": []}}]